Condition,SampleVolume,ProteinConcentration,AmountMS,CellsPerML,TotalCultureVolume,ProteinSRM,fmolSRM,Enrichment,EnrichmentDirection,StdDilution,StdVolume
Before_Induction,2.5651977214420754,2.588173479744169,7.116433079274337,0.7575935734911998,1.0301386290982173,P68871,0.3270316059113254,true,Up,2.977484368491555,3.8527485018991414
Control,9.31071502951863,7.766195640715223,1.0608549881476326,1.6586734396520642,9.223971649188918,P54576,6.914356793111044,true,Up,9.943855483446194,9.530688502191605
Diamide,9.838543243168031,4.1765061896252345,7.949958895071816,2.7761062273538304,6.801301994073761,Q796Z1,6.87798792745793,false,Up,3.082423674186938,8.88709710158298
