Condition,SampleVolume,ProteinConcentration,AmountMS,CellsPerML,TotalCultureVolume,ProteinSRM,fmolSRM,Enrichment,EnrichmentMode,StdDilution,StdVolume
Before_Induction,2.565197721,2.58817348,7.116433079,0.757593573,1.030138629,P68871,0.327031606,TRUE,Sampling,2.977484368,3.852748502
Control,9.31071503,7.766195641,1.060854988,1.65867344,9.223971649,P54576,6.914356793,TRUE,Sampling,9.943855483,9.530688502
Diamide,9.838543243,4.17650619,7.949958895,2.776106227,6.801301994,Q796Z1,6.877987927,FALSE,Sampling,3.082423674,8.887097102